target_id,axillary_nerve_ERR3568418,axillary_nerve_ERR3568419,bone_marrow_ERR3568408,bone_marrow_ERR3568409,brachial_plexus_nerve_ERR3568413,brachial_plexus_nerve_ERR3568414,brain_stem_ERR3568432,brain_stem_ERR3568433,cerebellum_ERR3568416,cerebellum_ERR3568435,cerebrum_ERR3568417,cerebrum_ERR3568436,heart_ERR3568421,heart_ERR3568422,liver_ERR3568423,liver_ERR3568427,lung_ERR3568410,lung_ERR3568411,optic_nerve_ERR3568402,optic_nerve_ERR3568403,ovary_ERR3568425,ovary_ERR3568426,pancreas_ERR3568406,pancreas_ERR3568437,sciatic_nerve_ERR3568405,sciatic_nerve_ERR3568420,skin_ERR3568407,skin_ERR3568412,spleen_ERR3568401,spleen_ERR3568415,testis_ERR3568424,testis_ERR3568434,thyroid_ERR3568404,trigeminal_nerve_ERR3568428,trigeminal_nerve_ERR3568429,trigeminal_nerve_ERR3568430,trigeminal_nerve_ERR3568431
CUZD1,1.17622,1.33345,2.79225,1.69566,1.96509,1.30861,2.48075,3.44566,4.45914,3.852,3.69272,3.73014,3.032,0.401006,2.29313,3.77133,1.31117,0.836061,1.16365,1.10264,0.776386,0.932831,2699.14,1461.24,1.0561,1.01263,2.61613,3.63454,0.996028,0.161034,4.92399,1.5508,1.33533,1.50163,1.89512,1.66573,0.894965
VWA7,0.0837404,0.0898412,0.0294523,0.0285594,0.0872178,0.0922883,1.6788,1.04398,0.707994,2.01864,0.372097,0.478124,0.0437617,0.0489574,0.148731,0,0.376864,1.73881,0.160837,0.0676964,1.63284,0.036487,0,0,0.113218,0.146951,0.0236458,0.107503,0.0437838,0.107377,0.0798522,0.159264,0,3.68057,12.3027,6.75699,0.101437
SAMD9L,1.92633,2.73794,3.05086,2.68706,1.48419,1.53022,1.79589,1.9041,2.22258,0.660848,1.44429,1.25474,0.953875,0.190776,2.38161,0.336286,4.44675,5.33596,1.89946,4.11831,1.69788,3.04789,0.0734527,0,1.69224,2.41108,1.39306,1.86355,2.24387,2.24453,0.521705,0.536171,8.0375,3.86573,2.74926,2.56941,1.37697
HSD17B13,0.0705005,0.0372673,0,0,0.140125,0.0383441,0.0912514,0.0498622,0.0465737,2.73455,0.123819,0.123058,32.5431,50.2869,67.4292,782.666,5.58347,18.276,0.0986336,0.0360162,12.9548,10.0518,176.907,0,0,0,0,0,0.0321928,0.0266115,18.9368,4.58604,1.35428,0.045778,0,0,0
