target_id	allantois_SRR26386768	allantois_SRR26386779	allantois_SRR26386780	amnion_SRR26386760	amnion_SRR26386761	amnion_SRR26386762	distalyolksac_SRR26386758	distalyolksac_SRR26386759	endometrium_SRR26386756	endometrium_SRR26386757	endometrium_SRR26386777	endometrium_SRR26386778	eye_SRR26386769	liver_SRR26386764	ovary_SRR26386766	ovary_SRR26386775	ovary_SRR26386776	oviduct_SRR26386773	oviduct_SRR26386774	prostategland_SRR26386772	proximalyolksac_SRR26386770	proximalyolksac_SRR26386771	testis_SRR26386767	uterusandoviduct_SRR26386765
DUN_016370-T1	0	0	0.17653	0	0	0.0817859	0	0.0240779	0	0.0498716	0	0.15956	0.0581197	0	0.0468034	0.0775206	0.26775	0.084276	0.0992496	0.0793952	0	0	0.0485261	0.150463
DUN_010505-T1	0	0	0	0	0	0	0	0	0	0	0	0.0378775	0	0.100017	0	0	0.119022	0	0	0	0	0	0.0284843	0
DUN_035655-T1	0.0907357	0.712183	0.356016	0.270652	0.358094	0.340191	0.0639563	0.0653065	0.188613	1.85425	0.316653	0.639662	0.476989	0.214393	0.300076	0.449059	0.672986	2.94363	154.279	0.287167	0.0134941	0.046833	0.661979	6.40323
DUN_025434-T1	0.0431341	0	0	0.0490143	0.0496836	0.0351416	0.0202691	0.0124116	0.46345	0.804137	2.30138	2.24882	0.341499	0.0749515	0.939866	2.64887	5.57185	1.55887	3.18223	0.266086	0.0385092	0.00742119	0.0522102	1.16004
DUN_024130-T1	0.205372	0	0	0	0	0	0.0723751	0	0.532594	0	0	0	0	0	1.19337	0.714089	1.35477	0.0517758	0.306069	0.488437	0.0457063	0	0.299311	0.0878684
