Species_name	dN	dS	omega
Antechinus_flavipes	0.011877	0.028611	0.41512
Dasyurus_viverrinus	0.006798	0.007571	0.8979
Dromiciops_gliroides	0.029361	0.082757	0.354786
Gracilinanus_agilis	0.012583	0.058487	0.215142
Lagorchestes_hirsutus	0.004658	0.010837	0.429824
