	query_id	query_length	hit_id	query_HSP_range_limits_original	query_HSP_range_limits_trimmed	query_HSPFragment_ranges	hit_percent_similarity_original	hit_percent_similarity_trimmed	hit_strand	hit_HSP_range_limits_original	hit_HSP_range_limits_trimmed	hit_HSPFragment_ranges_original	hit_HSPFragment_ranges_trimmed	3-prime_bases_trimmed
Hits filtered > 55 percent similarity	Sarcophilus_harrisii-XM_031940019.1	1584	NODE_1_length_5554_cov_13.278802	(0, 1584)	(3, 1584)	[(0, 287), (287, 564), (564, 645), (645, 666), (666, 1584)]	89.27	89.37	1	(338, 5085)	(347, 5085)	[(338, 1196), (1198, 2026), (2028, 2265), (2267, 2330), (2331, 5085)]	[(347, 1196), (1198, 2026), (2028, 2265), (2267, 2330), (2331, 5085)]	N/A
	Sarcophilus_harrisii-XM_031940019.1	1584	NODE_2_length_2763_cov_8.633284	(144, 1016)	(145, 1013)	[(144, 1016)]	62.64	62.81	1	(135, 2757)	(138, 2748)	[(135, 2757)]	[(138, 2748)]	N/A
	Sarcophilus_harrisii-XM_031940019.1	1584	NODE_3_length_926_cov_3.904594	(1367, 1583)	(1367, 1580)	[(1367, 1583)]	58.72	59.07	-1	(270, 924)	(270, 915)	[(270, 924)]	[(270, 915)]	N/A
Hits with subsumed hits removed	Sarcophilus_harrisii-XM_031940019.1	1584	NODE_1_length_5554_cov_13.278802	(0, 1584)	(3, 1584)	[(0, 287), (287, 564), (564, 645), (645, 666), (666, 1584)]	89.27	89.37	1	(338, 5085)	(347, 5085)	[(338, 1196), (1198, 2026), (2028, 2265), (2267, 2330), (2331, 5085)]	[(347, 1196), (1198, 2026), (2028, 2265), (2267, 2330), (2331, 5085)]	N/A
Hits with subsumed hits removed and trimmed	Sarcophilus_harrisii-XM_031940019.1	1584	NODE_1_length_5554_cov_13.278802	(0, 1584)	(3, 1584)	[(0, 287), (287, 564), (564, 645), (645, 666), (666, 1584)]	89.27	89.37	1	(338, 5085)	(347, 5085)	[(338, 1196), (1198, 2026), (2028, 2265), (2267, 2330), (2331, 5085)]	[(347, 1196), (1198, 2026), (2028, 2265), (2267, 2330), (2331, 5085)]	N/A
