Species_name	dN	dS	omega
Antechinus_flavipes	0.008353	0.024301	0.343731
Dasyurus_viverrinus	0.000000	0.000005	0
Dromiciops_gliroides	0.028477	0.114248	0.249256
Gracilinanus_agilis	0.010901	0.014203	0.767514
Lagorchestes_hirsutus	0.008554	0.023425	0.365165
