	query_id	query_length	hit_id	query_HSP_range_limits_original	query_HSP_range_limits_trimmed	query_HSPFragment_ranges	hit_percent_similarity_original	hit_percent_similarity_trimmed	hit_strand	hit_HSP_range_limits_original	hit_HSP_range_limits_trimmed	hit_HSPFragment_ranges_original	hit_HSPFragment_ranges_trimmed	3-prime_bases_trimmed
Hits filtered > 55 percent similarity	Sarcophilus_harrisii-XM_031940019.1	1584	NODE_1_length_5429_cov_14.147795	(0, 1584)	(3, 1584)	[(0, 287), (287, 564), (564, 645), (645, 666), (666, 1584)]	89.27	89.37	1	(287, 5034)	(296, 5034)	[(287, 1145), (1147, 1975), (1977, 2214), (2216, 2279), (2280, 5034)]	[(296, 1145), (1147, 1975), (1977, 2214), (2216, 2279), (2280, 5034)]	N/A
	Sarcophilus_harrisii-XM_031940019.1	1584	NODE_2_length_3321_cov_9.878237	(18, 1124)	(18, 1124)	[(18, 1124)]	56.62	56.62	1	(2, 3320)	(2, 3320)	[(2, 3320)]	[(2, 3320)]	N/A
Hits with subsumed hits removed	Sarcophilus_harrisii-XM_031940019.1	1584	NODE_1_length_5429_cov_14.147795	(0, 1584)	(3, 1584)	[(0, 287), (287, 564), (564, 645), (645, 666), (666, 1584)]	89.27	89.37	1	(287, 5034)	(296, 5034)	[(287, 1145), (1147, 1975), (1977, 2214), (2216, 2279), (2280, 5034)]	[(296, 1145), (1147, 1975), (1977, 2214), (2216, 2279), (2280, 5034)]	N/A
Hits with subsumed hits removed and trimmed	Sarcophilus_harrisii-XM_031940019.1	1584	NODE_1_length_5429_cov_14.147795	(0, 1584)	(3, 1584)	[(0, 287), (287, 564), (564, 645), (645, 666), (666, 1584)]	89.27	89.37	1	(287, 5034)	(296, 5034)	[(287, 1145), (1147, 1975), (1977, 2214), (2216, 2279), (2280, 5034)]	[(296, 1145), (1147, 1975), (1977, 2214), (2216, 2279), (2280, 5034)]	N/A
