	query_id	query_length	hit_id	query_HSP_range_limits_original	query_HSP_range_limits_trimmed	query_HSPFragment_ranges	hit_percent_similarity_original	hit_percent_similarity_trimmed	hit_strand	hit_HSP_range_limits_original	hit_HSP_range_limits_trimmed	hit_HSPFragment_ranges_original	hit_HSPFragment_ranges_trimmed	3-prime_bases_trimmed
Hits filtered > 55 percent similarity	Sarcophilus_harrisii-XM_003771945.4	1578	NODE_1_length_5439_cov_11.744685	(0, 1577)	(0, 1577)	[(0, 1577)]	85.67	85.67	-1	(282, 5025)	(282, 5025)	[(282, 5025)]	[(282, 5025)]	N/A
	Sarcophilus_harrisii-XM_003771945.4	1578	NODE_2_length_2933_cov_7.881653	(152, 1033)	(152, 1033)	[(152, 286), (286, 564), (564, 644), (644, 665), (665, 1033)]	60.34	60.34	1	(297, 2929)	(297, 2929)	[(297, 687), (689, 1517), (1519, 1756), (1758, 1821), (1822, 2929)]	[(297, 687), (689, 1517), (1519, 1756), (1758, 1821), (1822, 2929)]	N/A
	Sarcophilus_harrisii-XM_003771945.4	1578	NODE_3_length_1013_cov_6.405983	(1395, 1578)	(1395, 1578)	[(1395, 1578)]	57.38	57.38	-1	(469, 1012)	(469, 1012)	[(469, 1012)]	[(469, 1012)]	N/A
Hits with subsumed hits removed	Sarcophilus_harrisii-XM_003771945.4	1578	NODE_1_length_5439_cov_11.744685	(0, 1577)	(0, 1577)	[(0, 1577)]	85.67	85.67	-1	(282, 5025)	(282, 5025)	[(282, 5025)]	[(282, 5025)]	N/A
	Sarcophilus_harrisii-XM_003771945.4	1578	NODE_3_length_1013_cov_6.405983	(1395, 1578)	(1395, 1578)	[(1395, 1578)]	57.38	57.38	-1	(469, 1012)	(469, 1012)	[(469, 1012)]	[(469, 1012)]	N/A
Hits with subsumed hits removed and trimmed	Sarcophilus_harrisii-XM_003771945.4	1578	NODE_1_length_5439_cov_11.744685	(0, 1577)	(0, 1577)	[(0, 1577)]	85.67	85.67	-1	(282, 5025)	(282, 5025)	[(282, 5025)]	[(282, 5025)]	546
	Sarcophilus_harrisii-XM_003771945.4	1578	NODE_3_length_1013_cov_6.405983	(1395, 1578)	(1395, 1578)	[(1395, 1578)]	57.38	57.38	-1	(469, 1012)	(469, 1012)	[(469, 1012)]	[(469, 1012)]	N/A
